{"avg_tokens": 583.0, "fits": {"data_splitting": {"stage": "data_splitting", "features": ["n"], "n_obs": 8, "lambda": 10000.0, "theta": [0.03762935504964298, 2308.1141327596674], "intercept_j": 2308.1141327596674, "marginal_theta": [0.03762935504964298], "overhead_fraction": 0.11431137458478549, "sigma2": 767449.3372471429, "XtX_inv": [[4.0764721554470047e-13, -1.9373433918761887e-07], [-1.937343391876189e-07, 0.2170722446989159]], "r2": 0.9986760958319991, "empirical_survival_rate_mean": null, "empirical_survival_rate_n": 0}, "string_normalization": {"stage": "string_normalization", "features": ["n"], "n_obs": 8, "lambda": 10000.0, "theta": [0.4022335813474513, 14308.213273348749], "intercept_j": 14308.213273348749, "marginal_theta": [0.4022335813474513], "overhead_fraction": 0.06963660182025208, "sigma2": 219411343.46052763, "XtX_inv": [[4.0764721554470047e-13, -1.9373433918761887e-07], [-1.937343391876189e-07, 0.2170722446989159]], "r2": 0.9966940216349394, "empirical_survival_rate_mean": null, "empirical_survival_rate_n": 0}, "heuristic_filtering": {"stage": "heuristic_filtering", "features": ["n"], "n_obs": 8, "lambda": 10000.0, "theta": [1.4713433301239354, 36285.05263017468], "intercept_j": 36285.05263017468, "marginal_theta": [1.4713433301239354], "overhead_fraction": 0.04933111015798017, "sigma2": 2482250249.2513103, "XtX_inv": [[4.0764721554470047e-13, -1.9373433918761887e-07], [-1.937343391876189e-07, 0.2170722446989159]], "r2": 0.997203357365821, "empirical_survival_rate_mean": null, "empirical_survival_rate_n": 0}, "deduplication": {"stage": "deduplication", "features": ["n"], "n_obs": 6, "theta": [0.293, 7891.0], "XtX_inv": [[1e-12, 0.0], [0.0, 1e-12]], "sigma2": 20250999.012321, "empirical_survival_rate_mean": null}}}